Index,Speed
0,0.668442475046403
0,0.4478448193563694
0,0.2489470941660605
0,0.36151160309065383
0,0.21696284068004515
0,0.30857682055749924
0,0.2156522467516697
0,0.3149420806425518
0,0.5075110450195713
0,0.19945610390153767
0,0.06565123018279678
0,0.34812047955592934
0,0.17340597503248814
0,0.358199673735327
0,0.3368796209964036
0,0.6509862846586281
0,0.4119378521846315
0,0.46592902621348037
0,0.22972237781675564
0,0.5751010413830627
0,0.4036651285368988
0,0.1455109739977386
0,0.2886563674462173
0,0.5057893854591533
0,0.4491295389245582
0,0.5421397971182956
0,0.4506088419111357
0,0.33955419984789664
0,0.1447720860227206
0,0.31454778089605484
0,0.3062470425100167
0,0.19372811782181568
0,0.260918936542189
0,0.3269343979412863
0,0.28766948386866703
0,0.4300378879427784
0,0.04432805638768627
0,0.6148843766429123
0,0.41966527694609657
0,0.6139657487441015
0,0.4708849605545131
0,0.6223436144137171
0,0.75924523765908
0,0.13386290655370078
0,0.19251317723224703
0,0.28827080541259936
0,0.3469085650743288
0,0.33964323252527384
0,0.2773778750152493
0,0.12630825124770328
0,0.5040378505527495
0,0.4376714316439479
0,0.18705707274319885
0,0.3136444694983897
0,0.05091874487603129
0,1.0072950838949994
0,0.588463811508346
0,0.06654705650815258
0,0.6712375302624265
0,0.5209509871188558
0,0.36959800214766225
0,0.1867803851955041
0,0.3088614917215118
0,0.33218648855722016
0,0.3027685080053826
0,0.25215601694866074
0,0.7589234497101284
0,0.10794128756269837
0,0.37077119420467025
0,0.27003153872644176
0,0.08377553533735498
0,0.14751070857892867
0,0.5628835688214281
0,0.18898198018138518
0,0.2405214813960305
0,0.4340554319005095
0,0.19925857982601422
0,0.9697738086863177
0,0.3551894065073589
0,0.6136174378684276
0,0.4412474414732112
0,0.39322399098249544
0,0.5143779766060202
0,0.1367513709917006
0,0.6403561303201407
0,0.29051898641516644
0,0.35502701424033806
0,0.5032190789343687
0,0.3149450392504257
0,0.32603595822603115
0,0.57595038333039
0,0.4696864455972666
0,0.6466815084689244
0,0.44591250083927636
0,0.48774979614391933
0,0.19421591004350144
0,0.14273789062145736
0,0.4308870201785369
0,0.3700321589982541
0,0.9610546243017086
1,0.5083682728129166
1,0.2216492764974206
1,0.08818175001295493
1,0.12501720143533143
1,0.3524567305332456
1,0.5052594787694362
1,0.14475147190338414
1,0.1779788560380327
1,0.4093396610667841
1,0.477206597190906
1,0.4050325109809051
1,0.21597201900546223
1,0.15989195674344028
1,0.31876664610035815
1,0.22634648368882251
1,0.19616882824109577
1,0.3690033355804392
1,0.6969766553417099
1,0.570016183663061
1,0.7462441974005195
1,0.5054431956720571
1,0.4922730109101972
1,0.30365356290203277
1,0.13288034720380285
1,0.20340495105231657
1,0.05459863976735581
1,0.2929450010884125
1,0.0641992120152983
1,0.2851542152401623
1,0.4266317574140148
1,0.7231792437910026
1,0.4066381282405071
1,0.1709532823853031
1,0.4787801371673008
1,0.18329387662217594
1,0.11157704554520344
1,0.1476001242196399
1,0.1983850310985078
1,0.14191597075934337
1,0.35067279390636735
1,0.28301121112485844
1,0.4291855560709138
1,0.47302724807037644
1,0.17027518536732789
1,0.5494689103233897
1,0.3105750731283154
1,0.213921555070818
1,0.417582603550694
1,0.10956529084387896
1,0.1421650751132551
1,0.2145799557430328
1,0.3215466511820375
1,0.7316123135743373
1,0.0809119971632361
1,0.4496599409504848
1,0.23751550027111654
1,0.19959805717606202
1,0.09989750718729808
1,0.20745066053745326
1,0.5627715581492457
1,0.38116195426094174
1,0.05101077960130928
1,0.12548867404945896
1,0.16540439159462547
1,0.6074141747021276
1,0.464554231677802
1,0.5628356433929483
1,0.39835109106111405
1,0.33449090196852627
1,0.5109644617758624
1,0.10280150443685883
1,0.1681379068335325
1,0.1797908789092812
1,0.8024248614214498
1,0.4873578232374643
1,0.28253721280450905
1,0.3530784096910602
1,0.5352211432080751
1,0.43168594670015326
1,0.43623284283959307
1,0.6534341374427415
1,0.23748255703260615
1,0.4472342855128387
1,0.05675341794292641
1,0.27499576090140376
1,0.1428481591751395
1,0.4497132875094221
1,0.4625500836684511
1,0.7125262714856437
1,0.5696171300122853
1,0.23529729856984927
1,0.22361217941491132
1,0.2563375291483716
1,0.3187980313806433
1,0.2776523292797614
1,0.1637067345900733
1,0.3241617012069527
1,0.4454749955263332
1,0.5556770069647903
1,0.342794385197624
2,0.34520868405703375
2,0.33378903625664375
2,0.25014586932613275
2,0.7323997510065157
2,0.21905615786606208
2,0.1765253740406925
2,0.41352850619417464
2,0.2198586188969623
2,1.1426127162841735
2,0.16337693148443164
2,0.16868996950585463
2,0.4961093529946204
2,0.1759323658526288
2,0.7908070176162987
2,0.43911143771137195
2,0.577044854848464
2,0.2948678697943788
2,0.746859472051644
2,0.6822557194771117
2,0.24303404562187275
2,0.3926441371258641
2,0.317952388597496
2,0.24613361846422366
2,0.42575611944424563
2,0.20281174925941292
2,0.10000164304390134
2,0.45548831291915665
2,0.2230862719054535
2,0.2588176247971247
2,0.4007054471834949
2,0.3247925971475311
2,0.41181658750519035
2,0.32758361372037165
2,0.1959063318948432
2,0.5123834101678604
2,0.09058609745183942
2,0.3163765239130796
2,0.24875561834458867
2,0.1854127464947971
2,0.31520783506803324
2,0.3579523339644598
2,0.31990610040307876
2,0.06299600309210465
2,0.30028486414567307
2,0.7476492186227062
2,0.3726377813674565
2,0.1234530245217994
2,0.4333098308922835
2,0.436336532721891
2,0.19992141621869494
2,0.3751451912138755
2,0.23871960717003088
2,0.3159841475145861
2,0.31812709669170797
2,0.23734655902688062
2,0.13120067594941315
2,0.29907154514654877
2,0.3763220150367263
2,0.2121000576719398
2,0.17382567277210612
2,0.24706678902401383
2,0.4417936514055194
2,0.11222463053545084
2,0.3388894726427676
2,0.27304377091900484
2,0.3809542018714311
2,0.19967438433124732
2,0.09108588965210089
2,0.8242429350034945
2,0.3742384909005116
2,0.29148640752106764
2,0.5896139334061906
2,0.4628771639542522
2,0.5018723228026557
2,0.6625880015503541
2,0.3796956696172665
2,0.39481539557053763
2,0.7830918000004008
2,0.4205980251175077
2,0.2494268880206633
2,0.43486197294911494
2,0.08471620628813532
2,0.42534490833190547
2,0.2685305472486547
2,0.21538149071402166
2,0.2711050038427503
2,0.20167530892227903
2,0.4003134351076848
2,0.5477778370322897
2,0.3594342934495726
2,0.19078833377350346
2,0.24071522779786697
2,0.007697518213834093
2,0.5273549646526194
2,0.3938665702242507
2,0.3775538534840472
2,0.7539324899472682
2,0.3017279246030259
2,0.4027020833580995
2,0.4807284635214686
3,0.43268596321462527
3,0.06557902672404355
3,0.38196877954389635
3,0.08699098621184471
3,0.26222412361163805
3,0.5365028476249912
3,0.4085671935317831
3,0.8758927823395284
3,0.4943508983434172
3,0.32265644803195637
3,0.16292232025868778
3,0.4842820215131766
3,0.5646682622603255
3,0.2440419657366427
3,0.038039825874945206
3,0.418394184713894
3,0.5956749248608513
3,0.24800381199494032
3,0.04227695272460572
3,0.2973678164792503
3,0.43247715920429325
3,0.6856750498607463
3,0.06344092020145312
3,0.7234991430972345
3,0.6509309887853874
3,0.31950693048842627
3,0.1302957013238135
3,0.4488422721026863
3,0.18293128828308913
3,0.17135597120105503
3,0.6758123970561317
3,0.29472199951690514
3,0.467292024755878
3,0.21651490793490416
3,0.0015999747034141898
3,0.45552616422806225
3,0.4314553891181717
3,0.09355541135928043
3,0.14586400797133722
3,0.23148552493701985
3,0.28307201141425614
3,0.1913222422286521
3,0.23056771170333767
3,0.5595337014778273
3,0.2872820388290588
3,0.1640840241141412
3,0.8624826746713175
3,0.2941822769645115
3,0.3449750819788414
3,0.10450682754692264
3,0.21867753608915472
3,0.4845615434753968
3,0.5694361892787672
3,0.14045931546893703
3,0.40204345228998456
3,0.6095248683845774
3,0.4692182543648092
3,0.34202168853020537
3,0.36913442375014693
3,0.18318639584463625
3,0.2078667365270055
3,0.3240544994104779
3,0.23122747734956556
3,0.12114888065338483
3,0.2838803068671629
3,0.27994210599826796
3,0.4987134168764099
3,0.33546468313599415
3,0.20971133340760015
3,0.24491165715736368
3,0.4262632359948744
3,0.12391504423173656
3,0.26649058720425495
3,0.7023494572202851
3,0.6690917977182723
3,0.4891874164143063
3,0.625507441597276
3,0.2599420965001019
3,0.41000992360858196
3,0.20909570592268445
3,0.09393361051679687
3,0.8120713987281173
3,0.1652675788643188
3,0.2239100599049247
3,0.37440120793258747
3,0.40322378539734793
3,0.3916212585156277
3,0.6945533098754973
3,0.20440665210475484
3,0.3027285263138515
3,0.3216573262097917
3,0.2582301265761821
3,0.3568904490014458
3,0.8069079900117015
3,0.19770713956691377
3,0.18986254427823662
3,0.37610394370337
3,0.6466728631143406
3,0.38831957066854705
3,0.24322936900035144
4,0.12656719294457502
4,0.5097889895619652
4,0.19670224077989915
4,0.025584431547717276
4,0.396017425972662
4,0.301410544073486
4,0.0424316614995574
4,0.4515167169211507
4,0.19696425935142944
4,0.1939979160251976
4,0.20041887567797867
4,0.1801141642593131
4,0.6718229024815189
4,0.2230717798795994
4,0.2793703999503905
4,0.5796154986940355
4,0.08077624505094172
4,0.18945333151138835
4,0.6105006639525037
4,0.15176760817379126
4,0.3834524958030782
4,0.23813808617798954
4,0.2785824729011338
4,0.5994107094597739
4,0.3210608189821189
4,0.47470952354945706
4,0.2436057872096444
4,0.07945615218987097
4,0.43349911905390415
4,0.5618111760122443
4,0.15514391496213373
4,0.4120101596193782
4,0.3991085025844478
4,0.11678837770002767
4,0.15864684819344688
4,0.30113434689201163
4,0.16593671737106774
4,0.27677183622381607
4,0.39469988383864135
4,0.8747267807886856
4,0.4667757849303831
4,0.2571007589992332
4,0.5150969774398668
4,0.5792381254370234
4,0.5899034310080465
4,0.3225622939328579
4,0.06863624224612544
4,0.3997131238208252
4,1.0519808610355352
4,0.642629250075572
4,0.2592072250395455
4,0.12304624478964223
4,0.45782231808092755
4,0.32792352172074535
4,0.24641395653065193
4,0.5482758489126534
4,0.2966264593900224
4,0.2091618493592448
4,0.22359624618452487
4,0.6275364639941303
4,0.17834626780531457
4,0.21559994785667133
4,0.48952291083866284
4,0.11840842417016798
4,0.025453885177684325
4,0.4214668149751881
4,0.17956459140063524
4,0.6908011361209947
4,0.4631005750659986
4,0.30133645560734523
4,0.4908823389381223
4,0.4627391361356386
4,0.20619883939643105
4,0.47464074123180044
4,0.1375010517886747
4,0.5802796552374476
4,0.34326860122905284
4,0.5997426908972306
4,0.06312273971392011
4,0.5229620315395411
4,0.26389831868763486
4,0.17377240825072618
4,0.5274582145103104
4,0.7344010573714818
4,0.2801442549676007
4,0.08841600153713747
4,0.17278734697008097
4,0.03878938521843728
4,0.47090890151824805
4,0.018287587038272744
4,0.5258912968948143
4,0.314548700077457
4,0.7808232131633822
4,0.026436554652009826
4,0.6968635514087578
4,0.21979068079536035
4,0.3217911589498304
4,0.269590613556211
4,0.25988743247714646
4,0.6379225632482973
5,0.5159031182640406
5,0.2824942538423523
5,0.23077735781454675
5,0.04599416261560673
5,0.10712164351014734
5,0.5858130928332412
5,0.2093432818462463
5,0.17480760524192301
5,0.3400530610789524
5,0.4527808892441842
5,0.41755028692223245
5,0.2595797514091898
5,0.19711071695600646
5,0.2504233329181022
5,0.1690614330474751
5,0.1820477705972105
5,0.3275236379301007
5,1.0487568868571506
5,0.08516667724079069
5,0.36652732795978704
5,0.7175794173343255
5,0.3995885000953166
5,0.4251635155000765
5,0.523133889196353
5,0.40361630885760913
5,0.42831407724306886
5,0.32479024442209004
5,0.9110079030919297
5,0.34730999560038395
5,0.23555962438002628
5,0.229480490328021
5,0.5020149593265053
5,0.48215552575458226
5,0.5533224182017601
5,0.2872092734830396
5,0.4167656353675635
5,0.06523610556480504
5,0.5074912587221088
5,0.8640272642263319
5,0.36467319417395566
5,0.334913091622888
5,0.634427938989145
5,0.5604650846431396
5,0.1926907545865756
5,0.305666627219015
5,0.4989893911968262
5,0.3415130714583803
5,0.6880153052388419
5,0.38230844000183645
5,0.46556131138036416
5,0.4427671462820604
5,0.04888508679373045
5,0.4356010115882204
5,0.3670289475014778
5,0.12458760013177132
5,0.5331859312480329
5,0.4304935151830348
5,0.2998749896170729
5,0.37607855830125264
5,0.7834476313097098
5,0.8249238561290803
5,0.1794646629938353
5,0.5245894067605746
5,0.502443925680965
5,0.2435141026045633
5,0.2913154932207059
5,0.2735608096061671
5,0.6006065474085772
5,0.054294669820793943
5,0.25981773356676907
5,0.17050374156811396
5,0.4961921932872093
5,0.578310357547515
5,0.18817852487934647
5,0.7541657615645927
5,0.41999296766661265
5,0.31177846249178515
5,0.6630351618785228
5,0.2388123255372738
5,0.3141853510878036
5,0.5609273265094556
5,0.5696488791065746
5,0.2333532690686968
5,0.24862458543667562
5,0.41790831915208937
5,0.15351241572155536
5,0.17599237281192112
5,0.4338210985256642
5,0.46018419128416094
5,0.41466290356389196
5,0.10774508484332787
5,0.3773723263804605
5,0.25844981671919665
5,0.3108020168631806
5,0.4572111794219081
5,0.35387515160135613
5,0.48632636150631575
5,0.1489405531032754
5,0.5998086999224175
5,0.3607219993287362
6,0.6170508528432834
6,0.22278262438842655
6,0.5928115025735862
6,0.19696215309443937
6,0.32180508244377287
6,0.4425397327824995
6,0.05019072582365681
6,0.1704144568320665
6,0.15548332491014444
6,0.32177588100252574
6,0.1170262979093294
6,0.2396013883710174
6,0.2925711830990826
6,0.1603960635551775
6,0.11077930062840435
6,0.22468581950712052
6,0.327485400900054
6,0.26033644197983985
6,0.5005426044947322
6,0.15875002199461088
6,0.35954582278792674
6,0.3036424919769081
6,0.15002785441412708
6,0.5496304643111153
6,0.29238650345818623
6,0.2708584926679383
6,0.7032174415133681
6,0.206488194941317
6,0.5797464674361341
6,0.3419668732796158
6,0.5439772160000288
6,0.15006941198782076
6,0.35535268362749767
6,0.12166940032177881
6,0.1703388579321457
6,0.13524619123926054
6,0.42756149570886387
6,0.3145517613405425
6,0.3641500942455017
6,0.35417539109104756
6,0.36513434209419476
6,0.6825837829819815
6,0.3667442508385049
6,0.0957594628967519
6,0.3288715254863099
6,0.15917017400095876
6,0.6541623179749532
6,0.0911532217873947
6,0.3669118547726707
6,0.08821623058284984
6,0.26877379090000175
6,0.06880402854822075
6,0.021366930414064504
6,0.48244985454179556
6,0.44640208305753926
6,0.01950758067086031
6,0.17711940751669591
6,0.14282509628223383
6,0.20008790374942198
6,0.302687661842632
6,0.20063051714052335
6,0.400564884222029
6,0.05316280948765222
6,0.2399964634411513
6,1.008828329363813
6,0.1181694850930471
6,0.12609217125501973
6,0.5653697047897939
6,0.11607810347348048
6,0.021104465669760496
6,0.490954329645656
6,0.3290164767946876
6,0.5240983610366557
6,0.2375845817804273
6,0.3340092675569279
6,0.29511116961064715
6,0.044121837939856856
6,0.1428627523991837
6,0.4023674795917786
6,0.7752424665180518
6,0.3952271635968463
6,0.40381222711977555
6,0.22791339769332503
6,0.4631817655219069
6,0.6149803235066157
6,0.23344075188650154
6,0.31736065619954706
6,0.2255544594827745
6,0.612205359833324
6,0.643591064305274
6,0.229286193432734
6,0.2768501945725641
6,0.8219147099752218
6,0.09346638301967444
6,0.6824751585061936
6,0.23415636497144268
6,0.5622128979599644
6,0.2936104895183655
6,0.7474053711238411
6,0.19147344345741946
7,0.21177183907964114
7,0.4728408072303257
7,0.23366851694700413
7,0.26992416036875916
7,0.2946881762055719
7,0.7808708620427902
7,0.07252876966668241
7,0.20547674783630482
7,0.6069358572485223
7,0.286731660678898
7,0.25889088243996805
7,0.20883133832710107
7,0.5483309011757737
7,0.3134682748685496
7,0.4914332120660085
7,0.17634047947506376
7,0.24510274592096243
7,0.3883743748616035
7,0.5274591938622567
7,0.5116160328480647
7,0.5306309193683437
7,0.40617842713385904
7,0.499826467075662
7,0.33532047427979816
7,0.3915758363742043
7,0.17986489527497584
7,0.2056539692870852
7,0.07484246893493701
7,0.18627115905827904
7,0.7260877377860252
7,0.5442465438370092
7,0.1900109191727462
7,0.41695633925332637
7,0.709240360246117
7,0.17888927398680288
7,0.2555402215482874
7,0.4827608386695597
7,0.34990694326256966
7,0.3090937280540879
7,0.6142033827740676
7,0.6362170199444686
7,0.6860937384645669
7,0.31494266741452254
7,0.30542502326014326
7,0.3707079457378273
7,0.6105696660502237
7,0.039287093796683846
7,0.26343714015297065
7,0.3122988520064217
7,0.15119130115431959
7,0.3827407556339041
7,0.36367483841019344
7,0.30895259669509867
7,0.3546408477252236
7,0.4280390693076835
7,0.6108938134768581
7,0.3395549392829528
7,0.36235232800005557
7,0.39819062233572244
7,0.4195637335064995
7,0.4134014108010434
7,0.3834595447135124
7,0.33896368798368237
7,0.22987406808762997
7,0.380079755384806
7,0.24643520911445166
7,0.770366995302643
7,0.4390967075117192
7,0.241306528558605
7,0.23469339622411897
7,0.33023709182160843
7,0.3784287104883643
7,0.13807326731520037
7,0.3345333173824383
7,0.12059958730370293
7,0.5834515820189365
7,0.09439786728975319
7,0.3690856490835767
7,0.17981951537812849
7,0.366767552664412
7,0.13841439066132333
7,0.31294162731045994
7,0.16796994599371426
7,0.2847011164942161
7,0.048195313689260194
7,0.20757842373188182
7,0.2705351267274069
7,0.2950026967578817
7,0.16722645778224254
7,0.35319363264427456
7,0.6516597654299359
7,0.6985225452939775
7,0.23255327098228093
7,0.393962488641546
7,0.5821771604649494
7,0.3306592800963552
7,0.21577744679834
7,0.2391930066565469
7,0.3553097024830587
7,0.41467056082746356
8,0.3244778045639443
8,0.06603165560434143
8,0.09373679365693463
8,0.3009098878972638
8,0.2547743061124614
8,0.15790098461513014
8,0.2222852661269079
8,0.1525491282473036
8,0.5373112813851189
8,0.5040829585079231
8,0.15993697969005896
8,0.43306608613945413
8,0.14929328761656846
8,0.23012826960043992
8,0.4471148774253222
8,0.11281154619826697
8,0.15209413583573586
8,0.38609898671560955
8,0.1458090125446591
8,0.6469838725330479
8,0.1899066472053
8,0.27768547185377074
8,0.335649626525549
8,0.5259454327836249
8,0.7219317324221785
8,0.24620825434612278
8,0.8214649951384524
8,0.2708136794638301
8,0.535690837460311
8,0.13062385131133666
8,0.5490593721560536
8,0.23919218083031166
8,0.3064593958745154
8,0.5626121300588649
8,0.45488835844005643
8,0.23310655014329362
8,0.3760028711120559
8,0.13125265909599232
8,0.4957995007282076
8,0.11034779774099127
8,0.5501404170036852
8,0.5023525092067863
8,0.39254517576695785
8,0.5212647904092925
8,0.3763523419994816
8,0.12710682420912697
8,0.3287567611813171
8,0.03087719231695477
8,0.21342651993191558
8,0.1284245666482513
8,0.19041689250456775
8,0.22757871930193108
8,0.33013652731098575
8,0.6666124776166613
8,0.43277583371987216
8,0.29310536309199575
8,0.4873498659712552
8,0.44389929640300446
8,0.11626321286349417
8,0.7155068064808027
8,0.353700153365713
8,0.21684257964622758
8,0.2306951703718719
8,0.4057087533106638
8,0.8498771612792748
8,0.3083543731394913
8,0.07781588414220084
8,0.3301272874581437
8,0.3484596691176028
8,0.17778183668602535
8,0.09566975447686077
8,0.6839093673162527
8,0.3062754342461937
8,0.5734611539798706
8,0.2381488427851453
8,0.2036650295944232
8,0.09993093264410258
8,0.26881166965848713
8,0.45594008862139757
8,0.22228554924606894
8,0.28815346273728626
8,0.25233912450131407
8,0.45892263712516157
8,0.10114206262339694
8,0.17800347823879933
8,0.19189530020960027
8,0.12050127020786285
8,0.7240369379489894
8,0.6119105588144546
8,0.05755149039000921
8,0.3302466967368024
8,0.3312574757698638
8,0.14601564900542585
8,0.2810027104773749
8,0.5508078453526556
8,0.3312732232788594
8,0.44289584691693523
8,0.2713139558061133
8,0.329895536335358
8,0.26357460057732274
9,0.009061918517636719
9,0.5631540726604425
9,0.36321340079630154
9,0.5856539196407959
9,0.2494021553506985
9,0.32669578590225623
9,0.3575154255831746
9,0.6693626452904268
9,0.614144616167828
9,0.44584930616209745
9,0.16106453936884418
9,0.6609720510799343
9,0.19250783099678825
9,0.5689848854931503
9,0.05641074823520178
9,0.3289696058662097
9,0.19084494992734197
9,0.569336217303134
9,0.26009616465131585
9,1.0983583982386533
9,0.05717020691252559
9,0.1421929937430542
9,0.4048896056118427
9,0.2141314846300765
9,0.6795133629593708
9,0.1418492580609319
9,0.3717191017510195
9,0.44689772220057017
9,0.031063666403758277
9,0.3382147114036656
9,0.3452494099115278
9,0.26256630709280526
9,0.2317766906737574
9,0.30353456984424354
9,0.5580378562529448
9,0.39787405394083164
9,0.22698124800016875
9,0.8425083592592998
9,0.7632255798647457
9,0.29749712558386476
9,0.7352060146274052
9,0.19825864523797282
9,0.40690386074333706
9,0.4251064296999482
9,0.3458877550641379
9,0.7166233945259011
9,0.39835619689694307
9,0.21124974533071536
9,0.22692477250105472
9,0.3403582938836548
9,0.2852604424093583
9,0.5221804814262969
9,0.45183994941720246
9,0.38044583164167817
9,0.41139782670079267
9,0.23616974215994085
9,0.24706599304306234
9,0.3019590574146813
9,0.28009206667618414
9,0.43365373768024446
9,0.18307078463365933
9,0.22169611657969018
9,0.38753971803171944
9,0.21395742170868656
9,0.1025815733655953
9,0.3749042373731355
9,0.28728455962332655
9,0.20810603466351982
9,0.31852521688529917
9,0.13830483118020667
9,0.3487751035571382
9,0.42094172447975714
9,0.23888404790865045
9,0.542450808882617
9,0.30717654203049616
9,0.40921948368656447
9,0.2250022741565173
9,0.31408572121716705
9,0.39244652754911674
9,0.31579544586282077
9,0.6340389375594636
9,0.1932809655292742
9,0.5834731478968718
9,0.14687362926933578
9,0.38995258101923314
9,0.2420172815953043
9,0.13342226137031968
9,0.46338796015665906
9,0.3412790006606113
9,0.22526864510380204
9,0.11600959674204893
9,0.21581119722833472
9,0.2501559510584283
9,0.5296980225093423
9,0.1695086406126405
9,0.10468898064148915
9,0.14476505515458069
9,0.5773588660680486
9,0.38758175201378425
9,0.3705433606752004
10,0.5284271715500927
10,0.5186551041446053
10,0.20411368557668036
10,0.32259450766887804
10,0.7594648473409086
10,0.5645025069780799
10,0.2134402499057456
10,0.18372513951750252
10,0.49053357853373847
10,0.7654237621819598
10,0.5308267102548704
10,0.8224181004798121
10,0.16378277227666133
10,0.3328681911090582
10,0.2579422074502936
10,0.4763934337075489
10,0.5067338033682202
10,0.2850306403434001
10,0.36478335498991044
10,0.13611358761892725
10,0.250783164335673
10,0.22217820165220523
10,0.3598694868783554
10,0.404386476841466
10,0.439973980606146
10,0.4342418981141064
10,0.1785129678835191
10,0.23452781046284088
10,0.4158162984080946
10,0.2663546455314634
10,0.21854182740862518
10,0.3161873652161155
10,0.25755711813675636
10,0.17719545662621947
10,0.2946535936728035
10,0.1309872622966583
10,0.10907768698260414
10,0.5931237709218417
10,0.1479418543601196
10,0.25675847035381577
10,0.3724333521795909
10,0.3265560688332225
10,0.12245910361168212
10,0.48980748362797105
10,0.44058868797779466
10,0.29038773990318284
10,0.1684884563721523
10,0.36280611860823736
10,0.4305194613662132
10,0.057998514070722824
10,0.33795348605750813
10,0.48880416300265467
10,0.5205167655911869
10,0.4517260136826025
10,0.1344468372284551
10,0.054020488957631174
10,0.4731774101135437
10,0.4908904819553603
10,0.08848080955196463
10,0.2705623823946806
10,0.2414403778008792
10,0.3103174178831839
10,0.16198537197531418
10,0.1309073946674792
10,0.10165077503461921
10,0.24808800046305773
10,0.07250357859530882
10,0.20227370183265025
10,0.28649505443122725
10,0.20198290010930878
10,0.4976346188563997
10,0.533387652944342
10,0.049123201102538795
10,0.34266158834979543
10,0.41767510684961556
10,0.7037977975913812
10,0.3555886207195826
10,0.7132795927147384
10,0.5286811986554347
10,0.2154671338081633
10,0.1448616968360729
10,0.2896811988456344
10,0.21128463283942436
10,0.18595261708826755
10,0.039126175607685755
10,0.19428627615277078
10,0.184155236346345
10,0.45907136400131293
10,0.14968870892532393
10,0.617711755192649
10,0.23920773079599283
10,0.4522238652845783
10,0.24280419390124602
10,0.20987148125244118
10,0.4562232498819139
10,0.38805406426095185
10,0.3384272490932421
10,0.14717567726696698
10,0.09947483060974538
10,0.5025831754129249
11,0.536119516582354
11,0.5454030727975173
11,0.19332289640999
11,0.31149374967444854
11,0.42963507426368264
11,0.8461047212250454
11,0.48647658685076545
11,0.5148079109595208
11,0.18835489412739792
11,0.3813915411315275
11,0.39125489457000634
11,0.2660329960006166
11,0.2572581292528147
11,0.16876343922663437
11,0.6255915187606886
11,0.21327444755547711
11,0.10048053015638367
11,0.15475070963871485
11,0.3112045757309831
11,0.5994456451075071
11,0.762546309817387
11,0.4411195236780924
11,0.2280362669722909
11,0.5514238971135456
11,0.05920978286693643
11,0.30364118433147114
11,0.3244705439244796
11,0.3573211448066186
11,0.1363751954391722
11,0.6073834428757277
11,0.2224739122335955
11,0.20258327907927282
11,0.7416365080418159
11,0.4508398513727427
11,0.1577853998205508
11,0.35397463724658607
11,0.10672921816741478
11,0.2819385487913781
11,0.3528717584084026
11,0.6078722223733162
11,0.09792623702063148
11,0.17379977764716834
11,0.1349720762598217
11,0.3268792421933101
11,0.27732826755777706
11,0.3542958574667396
11,0.5926438709355105
11,0.2624187922210746
11,0.27844148127325186
11,0.3471559367494206
11,0.23736150102432718
11,0.12606479196643094
11,0.4974953006425739
11,0.3354514513000829
11,0.12848929341143178
11,0.30740589552834907
11,0.5056267428678929
11,0.21186095290989032
11,0.1422240600970828
11,0.6277107483452699
11,0.17797671457695272
11,0.5598937928550153
11,0.10389712942222978
11,0.6081535833952931
11,0.2719965438100397
11,0.4532138273210137
11,0.28989773167577226
11,0.42049570193702046
11,0.7152485577045142
11,0.48219799901934063
11,0.15785496354945086
11,0.35709733404562405
11,0.6950456699105776
11,0.2902806676173015
11,0.5720821621427498
11,0.7474660750916281
11,0.43655657204580933
11,0.4059783930204121
11,0.1872958140069519
11,0.2268511304889408
11,0.14527228404829015
11,0.3120775133725395
11,0.25317245433317415
11,0.06999670431225277
11,0.44802107838396926
11,0.39109351694635064
11,0.21806129878236602
11,0.0581264827148906
11,0.2656457024712393
11,0.34290381164612127
11,0.7362692883168567
11,0.4799637753103839
11,0.3135207252589769
11,0.11646395437271997
11,0.10028627974826133
11,0.5992488609500642
11,0.5084540775631254
11,0.38509973265474634
11,0.6033003804696594
11,0.10121520918785347
12,0.23900168440277036
12,0.5446186642713366
12,0.42817512811511793
12,0.7089657991639388
12,0.44704048937418106
12,0.09332548668770917
12,0.49012495496155195
12,0.2457960377630384
12,0.6433602808839453
12,0.48039727690836725
12,0.23619023876659834
12,0.539645245199631
12,0.02875234256185775
12,0.16602662903441737
12,0.42822064130572235
12,0.5182094629499695
12,0.18754427965922396
12,0.19349866245388522
12,0.15420127757983496
12,0.37493233112079
12,0.20189471770001136
12,0.19246629326070414
12,0.18281376252772016
12,0.35487522444380404
12,0.04674515986279739
12,0.1619581879776337
12,0.3404887706061132
12,0.23462718791629605
12,0.3576026760244556
12,0.24347790280962567
12,0.39095253753051623
12,0.5779589741293073
12,0.427766915873583
12,0.5563675539900561
12,0.3288058824111177
12,0.25757138951142483
12,0.5860997090598107
12,0.5984328382074517
12,0.16420128719404592
12,0.19951045275465912
12,0.31329398133349806
12,0.4330491688889332
12,0.35560713612306016
12,0.48365697932846935
12,0.3402683554575536
12,0.13884806898584245
12,0.48612717534323213
12,0.4611827965211314
12,0.2679289245537601
12,0.30826002904083294
12,0.4446402543330781
12,0.4708475881789887
12,0.37550214707935475
12,0.39127134366441435
12,0.2755245386707663
12,0.3467580986145507
12,0.2549621836616131
12,0.13132837445951331
12,0.4421161929914629
12,0.4305545434196411
12,0.5049909501097002
12,0.17984540139225147
12,0.22123600260538298
12,0.4197976206663547
12,0.4998173096749033
12,0.13276008904134412
12,0.3951921440769106
12,0.13216033242988176
12,0.6919175318183598
12,0.5254256526479415
12,0.2550728738363546
12,0.1268066683605124
12,0.2710984168558606
12,0.3320508147962123
12,0.2908721856186193
12,0.2662763963054646
12,0.2253362552029699
12,0.38400761619806467
12,0.5379278742864984
12,0.11247819204926429
12,0.28649171953844993
12,0.2138584964617536
12,0.3484174546670228
12,0.18946299804249508
12,0.4628912777174296
12,0.4454354469467986
12,0.1780757187279905
12,0.22694969902483725
12,0.2595327278144839
12,0.6766773741633921
12,0.054717870039874654
12,0.1190649986648253
12,0.1923937887162454
12,0.5924967558817673
12,0.37007169090914543
12,0.3531659772502996
12,0.20527738539503138
12,0.15537490114922925
12,0.25237607734514345
12,0.7445129901966553
13,0.20358537736930896
13,0.34575401418196133
13,0.22304974903970956
13,0.2551992460059737
13,0.33173679412980217
13,0.1257440780071338
13,0.5233105838588403
13,0.5033229788554512
13,0.09716940864177352
13,0.4444663205755775
13,0.4957436154224798
13,0.7442320905201998
13,0.40130811376931197
13,0.6015732146688227
13,0.3121675358132795
13,0.3508787912994662
13,0.6322027265778527
13,0.4325452712809549
13,0.2740282653107624
13,0.27221076991553894
13,0.231321911241435
13,0.29894788523371457
13,0.552434036204791
13,0.3826012580973934
13,0.6783840676930624
13,0.2527716419906497
13,0.11362552113341531
13,0.9594886815547331
13,0.4221373663662875
13,0.15236360754827744
13,0.5543051236958143
13,0.314949413724372
13,0.4024150858040477
13,0.18347693935102904
13,0.06845432562123611
13,0.47217576468266276
13,0.5609257524462472
13,0.13739326862306836
13,0.5719296627463046
13,0.11177213250419918
13,0.3327601305140995
13,0.2912359880824529
13,0.29462135004220563
13,0.5600882512452362
13,0.2828018683858449
13,0.19477085602869773
13,0.3815298766542365
13,0.16480334881298442
13,0.270422354444094
13,0.12256143506742831
13,0.4089423318506158
13,0.3847505063208361
13,0.130825957273946
13,0.21936284053401708
13,0.5237833009571352
13,0.782444381250743
13,0.7247943464679114
13,0.213559073385894
13,0.5258953797835442
13,0.42034686818891487
13,0.3081795132078473
13,0.15610133113853997
13,0.5959690886968735
13,0.4179336964374011
13,0.16509245443848986
13,0.5511603021088533
13,0.5811304675051475
13,0.21289348142997228
13,0.3601288209125163
13,0.23212200796378585
13,0.13316055808966423
13,0.2512401494731114
13,0.46234178268533155
13,0.46617146535063797
13,0.6960454801337829
13,0.25591399565249334
13,0.5811715020687832
13,0.27897908390412457
13,0.562197604254176
13,0.35661040804045935
13,0.33492291969844645
13,0.22095295365834786
13,0.1656809554631398
13,0.06517353584914695
13,0.24445284209965468
13,0.2773476106741732
13,0.10491367989347658
13,0.5230307856744835
13,0.2601441156903439
13,0.3070933924177707
13,0.42273861621939035
13,0.43508865387449464
13,0.21471535666937253
13,0.26732779991774125
13,0.43094497917077595
13,0.299499463896924
13,0.014984426234258892
13,0.4517087727165654
13,0.22437231448031264
13,0.6359659795470046
14,0.2869735745248074
14,0.5150820524581424
14,0.17870095871208208
14,0.12832133222751366
14,0.25318570026267456
14,0.35385295199861294
14,0.8051409312652424
14,0.2541122991802584
14,0.8966857547944664
14,0.306029361468479
14,0.2527806714234872
14,0.5412873800190006
14,0.469189683684333
14,0.1238074514749749
14,0.3843132523730148
14,0.49071106366039313
14,0.25832231247746595
14,0.3139027982665978
14,0.40367540009592157
14,0.06097505997895319
14,0.05656203641555617
14,0.4956528826640269
14,0.3200452817179039
14,0.30202678470881617
14,0.13841551041934827
14,0.5627715638819559
14,0.8891834210801964
14,0.539314263511548
14,0.9072860641583752
14,0.45277816025232787
14,0.11767189020452673
14,0.24773793428126775
14,0.29157045186877767
14,0.39304112130434016
14,0.35963426673474463
14,0.2677107894368325
14,0.1710395452942309
14,0.4295878404093364
14,0.37999585714807166
14,0.09850729595195672
14,0.3285048661613674
14,0.2755854473349333
14,0.35113855063962357
14,0.6534268892173839
14,0.23092905601894442
14,0.27659591529537986
14,0.30954751136943726
14,0.38070816721972606
14,0.5035816772077361
14,0.37811850744220254
14,0.8208833070302428
14,0.32837886415054346
14,0.5033436186863859
14,0.5708806388368656
14,0.4902742455956983
14,0.3478260309685434
14,0.3152139933146571
14,0.27871986216275846
14,0.28035500915356454
14,0.5576545008582137
14,0.4965926705336433
14,0.8779391003337519
14,0.34524452735907984
14,0.2662362407436398
14,0.5194002292499503
14,0.13817172625308288
14,0.550501872282737
14,0.1555731128099615
14,0.3385827612853187
14,0.3461142231595824
14,0.4086708116313246
14,0.17221408972396782
14,0.28826119015934304
14,0.44804542601050845
14,0.3521589897288365
14,0.3492567606330243
14,0.2632383126043475
14,0.2667845779408498
14,0.12290322676895231
14,0.4679808485109826
14,0.4969682354948672
14,0.33268504851847797
14,0.16661865392358327
14,0.4714165406741575
14,0.266286530712202
14,0.16289381253766322
14,0.41114083131082335
14,0.5377792031054021
14,0.16804096683977876
14,0.24505295778731753
14,0.5104032796928789
14,0.12222221865472484
14,0.4007118276673402
14,0.4759256346256193
14,0.45198014580398294
14,0.3117353290962246
14,0.1805753218441669
14,0.30353134422734884
14,0.18474363319325127
14,0.5004949509692055
15,0.5695473300310262
15,0.26035142996564464
15,0.11610026460101737
15,0.24789837580011437
15,0.21087292591825538
15,0.7934175628969785
15,0.2513609880971545
15,0.06728854925789653
15,0.48807259110269124
15,0.07943096471365622
15,0.22628717428365314
15,0.6097603225473928
15,0.4394029983445472
15,0.3338284445683647
15,0.21627575620596606
15,0.39017568175370637
15,0.5104871153309937
15,0.5360209794967399
15,0.44697588131261656
15,0.17369954173603455
15,0.25454949678902006
15,0.41071703870354875
15,0.11528854934394475
15,0.1369848836854975
15,0.15239257042450283
15,0.2396798590990051
15,0.10323716374394719
15,0.2811670979529824
15,0.08483843514545711
15,0.24647267482075438
15,0.6401229733641842
15,0.5046547412081979
15,0.40629303239035247
15,0.23405014386170228
15,0.2814493143821845
15,0.28649834087572545
15,0.23856148629939264
15,0.23410817966228165
15,0.25032017308334353
15,0.33456311076941647
15,0.6913651636686853
15,0.051603049279639615
15,0.49062040037513016
15,0.2791455099363075
15,0.5815734400250422
15,0.33068445697032955
15,0.3194528369191992
15,0.17061107084143357
15,0.31210734432702103
15,0.19443481786202077
15,0.2163464707201112
15,0.5733946151737078
15,0.3490912299685907
15,0.03773086415938435
15,0.2707086700771697
15,0.4671832568641774
15,0.3868274248068332
15,0.4255599827147846
15,0.444719440275042
15,0.30360872013758355
15,0.39774966019121505
15,0.36002556849471823
15,0.31337657288273274
15,0.23679351171345422
15,0.5754838378585063
15,0.40218186742145595
15,0.15483814986954036
15,0.19010171730702868
15,0.42092456258996075
15,0.08045891669831283
15,0.14478241109320056
15,0.35125870672841025
15,0.1322615613663242
15,0.41645547643904823
15,0.5080266582609899
15,0.45740437498220055
15,0.11876499656336659
15,0.501391503181308
15,0.24205590204888472
15,0.4737671316180289
15,0.5912756034667019
15,0.4824990136198842
15,0.15177872643310006
15,0.48969744160307305
15,0.4284328547430727
15,0.8934445353216445
15,0.2918091627049214
15,0.1551868577023548
15,0.2351394854789197
15,0.6090146567597717
15,0.25292289789674394
15,0.20082146996629638
15,0.21849424750144794
15,0.2875913106154495
15,0.09506386388267947
15,0.5015134666108663
15,0.42240164962885335
15,0.11558893406565048
15,0.28387039578621237
15,0.224954504785121
16,0.36609838336279954
16,0.15342916341255947
16,0.7022531052557578
16,0.3350231557576783
16,0.6436575139377221
16,0.7066834858049681
16,0.3851236821024241
16,0.4095487896559823
16,0.3265369760257847
16,0.2612089275650106
16,0.1549043021402575
16,0.5589128541282786
16,0.2604785270760605
16,0.35790750620659123
16,0.09849527649223704
16,0.35675551551253865
16,0.08521164006945671
16,0.40671147074230685
16,0.17738677797372898
16,0.5507391131594148
16,0.35515713247021735
16,0.26578549229899756
16,0.04753525754707344
16,0.24094565908700746
16,0.5224719519194702
16,0.28051239534619504
16,0.4409678303150515
16,0.1373570962385077
16,0.2160791319242077
16,0.3312249139051818
16,0.4695730153048197
16,0.4190034684114686
16,0.4195697811808661
16,0.11141740764192525
16,0.39897629729632034
16,0.29054863568387734
16,0.26974732007004615
16,0.24219649981505606
16,0.20678442416583134
16,0.24667163213114845
16,0.18139872622229833
16,0.2693595766217237
16,0.3969253914165688
16,0.3770518596445953
16,0.08319809849479369
16,0.6638345100770998
16,0.2832577731185915
16,0.37359972696186916
16,0.24325090178814524
16,0.4608225177018982
16,0.4383614040427946
16,0.17310842845856542
16,0.2688451409225226
16,0.3290268973705126
16,0.24215323892491372
16,0.8001150608489889
16,0.3616809080319162
16,0.5707348294970728
16,0.4078857334255885
16,0.37197900465521955
16,0.5001488169658848
16,0.335139879860507
16,0.44904175624671944
16,0.09973336650053821
16,0.3674527526313166
16,0.7799117018896427
16,1.065615760572857
16,0.056159443593220004
16,0.4528106463271653
16,0.2940114916836441
16,0.12637009165342955
16,0.5578435544983477
16,0.4284183956986873
16,0.15214411135197783
16,0.19385395703086544
16,0.2030755323134764
16,0.33575910943660237
16,0.46986478762207645
16,0.20075726368077987
16,0.6316354470465391
16,0.27932395167896423
16,0.13679194852020768
16,0.40847852424945874
16,0.33962322682103957
16,0.11171289926625178
16,0.40188848148424416
16,0.19940236654997767
16,0.31905984632425854
16,0.3573019922600117
16,0.46304620289402937
16,0.10569164128308262
16,0.25215700443017625
16,0.41290417360765236
16,0.3976882687960831
16,0.400004164570698
16,0.5909723402796194
16,0.5103909825582014
16,0.19433711224278574
16,0.1730018199145216
16,0.7197068208137521
17,0.0745140122778996
17,0.03666075139864407
17,0.35559062943572445
17,0.23911986468456775
17,0.22712951029398742
17,0.4097799953664611
17,0.4012373288107064
17,0.23431180447906522
17,0.8895661237280561
17,0.18024016839003904
17,0.6794854719376816
17,0.24998018100103014
17,0.2645719227556943
17,0.4341833529671712
17,0.6639557575839166
17,0.6288585889419315
17,0.5158249456193376
17,0.5304077948250931
17,0.2112677365144036
17,0.5000401307639858
17,0.6372643506069472
17,0.6280576452766954
17,0.4404819890920713
17,0.1843010551006768
17,0.24079873564315185
17,0.1457703191652355
17,0.5611307251607798
17,0.7813140956372029
17,0.34849051715560186
17,0.5060757271597408
17,0.17506196214708655
17,0.0949566503488968
17,0.4880925636531821
17,0.25155215885826865
17,0.23341856830857655
17,0.2852209240396857
17,0.6506243696349884
17,0.0873872491556923
17,0.3331393251754675
17,0.29505857608589037
17,0.6945973964736393
17,0.36029935064716695
17,0.2556441851883998
17,0.3158090704306777
17,0.22202052860895027
17,0.20507664811892942
17,0.18245538233846265
17,0.7158572504438401
17,0.4296124783224388
17,0.352759351156517
17,0.24700638093320887
17,0.2874208419130229
17,0.49702795699893326
17,0.5389407479381033
17,0.11447172990333103
17,0.13570610193221375
17,0.263659834589324
17,0.05992277525677691
17,0.6293215818902844
17,0.48447788261514385
17,0.24296637171610913
17,0.5360215612538772
17,0.5873917684700902
17,0.5855745603036286
17,0.23211996025176235
17,0.23462907920909484
17,0.012342492079019928
17,0.2204976477452548
17,0.24717866180126932
17,0.46905424740600365
17,0.437348926493584
17,0.24976426891291145
17,0.21285980755384784
17,0.14628524835493145
17,0.5522873790096529
17,0.13127246241088017
17,0.761604715462119
17,0.10441449493982519
17,0.3203518374357643
17,0.23909433848076939
17,0.12466265404623018
17,0.13307293161145614
17,0.226218619673066
17,0.4405148920393818
17,0.8001168970456509
17,0.5571385013267697
17,0.27724583929582175
17,0.2767908476299649
17,0.44471187509044935
17,0.5208759132326166
17,0.43377580711769537
17,0.5099239526816469
17,0.32180486087922633
17,0.47359354160801265
17,0.5688815997069011
17,0.23217176148870675
17,0.19621177039867396
17,0.626826472639294
17,0.35198291003830284
17,0.29931941073168195
18,0.08422189535495601
18,0.21059973817670655
18,0.5242522716118726
18,0.40962131384384715
18,0.06635711173146523
18,0.2460744830489111
18,0.31849299179564616
18,0.4022819220351318
18,0.3816967278961825
18,0.15115429629573815
18,0.19348882884339708
18,0.28559794401074234
18,0.5236629768314639
18,0.7669635582862915
18,0.4398824474329038
18,0.22410775747523975
18,0.4035299728516677
18,0.4181751077823499
18,0.17439094968872726
18,0.2831330137664883
18,0.3851445494559756
18,0.18879651140947154
18,0.1417258071137232
18,0.40587138285077656
18,0.2815353553938896
18,0.24881337742646348
18,0.151051857570944
18,0.19896750449283804
18,0.4135904904014869
18,0.1548448527456388
18,0.5063972416975259
18,0.17108505078911743
18,0.38365530711034074
18,0.5313590554311785
18,0.3073445683524254
18,0.3378605792358636
18,0.14905290583774083
18,0.6111449088564826
18,0.13952719164997288
18,0.24904307734365644
18,0.10949545831359817
18,0.4674250107565316
18,0.3822335910514052
18,0.12020904329527428
18,0.570997128620379
18,0.48913915700617017
18,0.2387019865399534
18,0.09372251926523
18,0.739264933548896
18,0.6474924281484419
18,0.6777371869403706
18,0.257623575730229
18,0.17405825307352832
18,0.057341853320327756
18,0.25990400853184925
18,0.35328770979829066
18,0.3066447262711579
18,0.2406937038846048
18,0.11875668779369666
18,0.39076966556628856
18,0.20846126338657447
18,0.6676750267307157
18,0.43941031969307354
18,0.21905756308448168
18,0.618306498416118
18,0.7149974501107265
18,0.17769604345596743
18,0.28326728478541274
18,0.2199013583529793
18,0.0403976330406157
18,0.14900905869109787
18,0.28917891421220254
18,0.37587198977727454
18,0.43548787939537287
18,0.3516679454412281
18,0.6651995254860215
18,0.28264216977509937
18,0.30666655585720376
18,0.5423369316804032
18,0.23516429274896639
18,0.25255409061354245
18,0.39085450620022566
18,0.1092795439554536
18,0.31152882810280197
18,0.43130256813128665
18,0.2407836720813031
18,0.12034860412076913
18,0.6766478956054331
18,0.18807639800752957
18,0.744430294836525
18,0.16848376959026198
18,0.43735595210898964
18,0.09999254012840857
18,0.688691399895902
18,0.3624047549844033
18,0.6075128718652187
18,0.16976859693558932
18,0.1960481163360435
18,0.29422864307785096
18,0.2687367960708144
19,0.3972741700817227
19,0.20386474145827377
19,0.08316325078118417
19,0.5771567918772996
19,0.3587278334159779
19,0.37434788974419
19,0.5631148508139402
19,0.36198365355941203
19,0.4778810486226495
19,0.7697916556842808
19,0.18756641181327965
19,0.45584981017168097
19,0.5809475591532938
19,0.3081909245661959
19,0.3429571910167448
19,0.5409942080190312
19,0.35968207743214586
19,0.24752859435207125
19,0.3388894890184316
19,0.5708112769947441
19,0.2189778208823472
19,0.5363559585303379
19,0.5048206063758192
19,0.6118167435171863
19,0.25387757429615987
19,0.16379952120197833
19,0.1906400113652216
19,0.40874679655451457
19,0.5445073992585063
19,0.07859996629420501
19,0.25733654304371273
19,0.44590228043186403
19,0.45807711665815287
19,0.05822366442806484
19,0.23368270512783892
19,0.33206866966602366
19,0.2355007575898955
19,0.261383848283281
19,0.5554552337972503
19,0.5039910486578187
19,0.34695096485514454
19,0.17750651247494295
19,0.07163984123081416
19,0.26188494378530897
19,0.05057641664394087
19,0.09215886394132915
19,0.6215089926587334
19,0.2728889859718851
19,0.4405643126774596
19,0.23149011220348525
19,0.38071363880407794
19,0.22145357186759854
19,0.37133156639631937
19,0.22169368550636223
19,0.45591982833465156
19,0.7173081874170567
19,0.5308840329454068
19,0.3217813351227503
19,0.36337925935833976
19,0.21222556112079846
19,0.39835559803757437
19,0.19367122995974762
19,0.17721799314512623
19,0.08522539686203287
19,0.14757809152439438
19,0.5297182495293736
19,0.3347218700181583
19,0.26317907819206465
19,0.21138412735238057
19,0.5241480428947836
19,0.4566016144914994
19,0.4144952368326147
19,0.5736804047618151
19,0.6435056660498074
19,0.21716189057438923
19,0.3018328373135644
19,0.4660213625266726
19,0.132827406888396
19,0.1219839260362428
19,0.2667606959739409
19,0.2648412611801401
19,0.2489940110823442
19,0.4617180611305303
19,0.6303774249709991
19,0.46365693153483384
19,0.2595118121945648
19,0.43946255986828353
19,0.2735561121081602
19,0.1509287486799883
19,0.20882391514942691
19,0.22017547343952995
19,0.4489886013717998
19,0.4706535913909307
19,0.37342408187843906
19,0.32297514923450593
19,0.3045183870279923
19,0.41679817068679076
19,0.17461055368837336
19,0.14601765486806775
19,0.1660824950649743
